dataHoraCotacao,valor_cotacao,timestamp_processamento
2016-01-04,4.038,2026-04-11T15:11:55.728Z
2016-01-05,4.0108,2026-04-11T15:11:55.728Z
2016-01-06,4.0297,2026-04-11T15:11:55.728Z
2016-01-07,4.0469,2026-04-11T15:11:55.728Z
2016-01-08,4.0244,2026-04-11T15:11:55.728Z
2016-01-09,4.0244,2026-04-11T15:11:55.728Z
2016-01-10,4.0244,2026-04-11T15:11:55.728Z
2016-01-11,4.0147,2026-04-11T15:11:55.728Z
2016-01-12,4.0293,2026-04-11T15:11:55.728Z
2016-01-13,3.9857,2026-04-11T15:11:55.728Z
2016-01-14,4.0217,2026-04-11T15:11:55.728Z
2016-01-15,4.0396,2026-04-11T15:11:55.728Z
2016-01-16,4.0396,2026-04-11T15:11:55.728Z
2016-01-17,4.0396,2026-04-11T15:11:55.728Z
2016-01-18,4.0358,2026-04-11T15:11:55.728Z
2016-01-19,4.0297,2026-04-11T15:11:55.728Z
2016-01-20,4.0855,2026-04-11T15:11:55.728Z
2016-01-21,4.1552,2026-04-11T15:11:55.728Z
2016-01-22,4.1226,2026-04-11T15:11:55.728Z
2016-01-23,4.1226,2026-04-11T15:11:55.728Z
2016-01-24,4.1226,2026-04-11T15:11:55.728Z
2016-01-25,4.0991,2026-04-11T15:11:55.728Z
2016-01-26,4.0961,2026-04-11T15:11:55.728Z
2016-01-27,4.0441,2026-04-11T15:11:55.728Z
2016-01-28,4.0832,2026-04-11T15:11:55.728Z
2016-01-29,4.0422,2026-04-11T15:11:55.728Z
2016-01-30,4.0422,2026-04-11T15:11:55.728Z
2016-01-31,4.0422,2026-04-11T15:11:55.728Z
2016-02-01,3.9979,2026-04-11T15:11:55.728Z
2016-02-02,3.9913,2026-04-11T15:11:55.728Z
2016-02-03,3.9552,2026-04-11T15:11:55.728Z
2016-02-04,3.8646,2026-04-11T15:11:55.728Z
2016-02-05,3.8969,2026-04-11T15:11:55.728Z
2016-02-06,3.8969,2026-04-11T15:11:55.728Z
2016-02-07,3.8969,2026-04-11T15:11:55.728Z
2016-02-08,3.8969,2026-04-11T15:11:55.728Z
2016-02-09,3.8969,2026-04-11T15:11:55.728Z
2016-02-10,3.9406,2026-04-11T15:11:55.728Z
2016-02-11,3.9636,2026-04-11T15:11:55.728Z
2016-02-12,3.9884,2026-04-11T15:11:55.728Z
2016-02-13,3.9884,2026-04-11T15:11:55.728Z
2016-02-14,3.9884,2026-04-11T15:11:55.728Z
2016-02-15,3.9879,2026-04-11T15:11:55.728Z
2016-02-16,4.0207,2026-04-11T15:11:55.728Z
2016-02-17,4.0312,2026-04-11T15:11:55.728Z
2016-02-18,4.0084,2026-04-11T15:11:55.728Z
2016-02-19,4.0486,2026-04-11T15:11:55.728Z
2016-02-20,4.0486,2026-04-11T15:11:55.728Z
2016-02-21,4.0486,2026-04-11T15:11:55.728Z
2016-02-22,3.9612,2026-04-11T15:11:55.728Z
2016-02-23,3.9678,2026-04-11T15:11:55.728Z
2016-02-24,3.9894,2026-04-11T15:11:55.728Z
2016-02-25,3.9394,2026-04-11T15:11:55.728Z
2016-02-26,3.9571,2026-04-11T15:11:55.728Z
2016-02-27,3.9571,2026-04-11T15:11:55.728Z
2016-02-28,3.9571,2026-04-11T15:11:55.728Z
2016-02-29,3.979,2026-04-11T15:11:55.728Z
2016-03-01,3.9907,2026-04-11T15:11:55.728Z
2016-03-02,3.911,2026-04-11T15:11:55.728Z
2016-03-03,3.8498,2026-04-11T15:11:55.728Z
2016-03-04,3.7182,2026-04-11T15:11:55.728Z
2016-03-05,3.7182,2026-04-11T15:11:55.728Z
2016-03-06,3.7182,2026-04-11T15:11:55.728Z
2016-03-07,3.7708,2026-04-11T15:11:55.728Z
2016-03-08,3.7807,2026-04-11T15:11:55.728Z
2016-03-09,3.7031,2026-04-11T15:11:55.728Z
2016-03-10,3.6694,2026-04-11T15:11:55.728Z
2016-03-11,3.6265,2026-04-11T15:11:55.728Z
2016-03-12,3.6265,2026-04-11T15:11:55.728Z
2016-03-13,3.6265,2026-04-11T15:11:55.728Z
2016-03-14,3.6232,2026-04-11T15:11:55.728Z
2016-03-15,3.711,2026-04-11T15:11:55.728Z
2016-03-16,3.8073,2026-04-11T15:11:55.728Z
2016-03-17,3.6439,2026-04-11T15:11:55.728Z
2016-03-18,3.614,2026-04-11T15:11:55.728Z
2016-03-19,3.614,2026-04-11T15:11:55.728Z
2016-03-20,3.614,2026-04-11T15:11:55.728Z
2016-03-21,3.6223,2026-04-11T15:11:55.728Z
2016-03-22,3.6067,2026-04-11T15:11:55.728Z
2016-03-23,3.6525,2026-04-11T15:11:55.728Z
2016-03-24,3.6942,2026-04-11T15:11:55.728Z
2016-03-25,3.6942,2026-04-11T15:11:55.728Z
2016-03-26,3.6942,2026-04-11T15:11:55.728Z
2016-03-27,3.6942,2026-04-11T15:11:55.728Z
2016-03-28,3.6401,2026-04-11T15:11:55.728Z
2016-03-29,3.6681,2026-04-11T15:11:55.728Z
2016-03-30,3.611,2026-04-11T15:11:55.728Z
2016-03-31,3.5583,2026-04-11T15:11:55.728Z
2016-04-01,3.5793,2026-04-11T15:11:55.728Z
2016-04-02,3.5793,2026-04-11T15:11:55.728Z
2016-04-03,3.5793,2026-04-11T15:11:55.728Z
2016-04-04,3.5865,2026-04-11T15:11:55.728Z
2016-04-05,3.6575,2026-04-11T15:11:55.728Z
2016-04-06,3.6743,2026-04-11T15:11:55.728Z
2016-04-07,3.6915,2026-04-11T15:11:55.728Z
2016-04-08,3.6379,2026-04-11T15:11:55.728Z
2016-04-09,3.6379,2026-04-11T15:11:55.728Z
2016-04-10,3.6379,2026-04-11T15:11:55.728Z
2016-04-11,3.5278,2026-04-11T15:11:55.728Z
2016-04-12,3.54,2026-04-11T15:11:55.728Z
2016-04-13,3.5423,2026-04-11T15:11:55.728Z
2016-04-14,3.512,2026-04-11T15:11:55.728Z
2016-04-15,3.527,2026-04-11T15:11:55.728Z
2016-04-16,3.527,2026-04-11T15:11:55.728Z
2016-04-17,3.527,2026-04-11T15:11:55.728Z
2016-04-18,3.5898,2026-04-11T15:11:55.728Z
2016-04-19,3.5532,2026-04-11T15:11:55.728Z
2016-04-20,3.5497,2026-04-11T15:11:55.728Z
2016-04-21,3.5497,2026-04-11T15:11:55.728Z
2016-04-22,3.5823,2026-04-11T15:11:55.728Z
2016-04-23,3.5823,2026-04-11T15:11:55.728Z
2016-04-24,3.5823,2026-04-11T15:11:55.728Z
2016-04-25,3.5466,2026-04-11T15:11:55.728Z
2016-04-26,3.5294,2026-04-11T15:11:55.728Z
2016-04-27,3.5289,2026-04-11T15:11:55.728Z
2016-04-28,3.4986,2026-04-11T15:11:55.728Z
2016-04-29,3.4502,2026-04-11T15:11:55.728Z
2016-04-30,3.4502,2026-04-11T15:11:55.728Z
2016-05-01,3.4502,2026-04-11T15:11:55.728Z
2016-05-02,3.4985,2026-04-11T15:11:55.728Z
2016-05-03,3.5544,2026-04-11T15:11:55.728Z
2016-05-04,3.5391,2026-04-11T15:11:55.728Z
2016-05-05,3.529,2026-04-11T15:11:55.728Z
2016-05-06,3.5356,2026-04-11T15:11:55.728Z
2016-05-07,3.5356,2026-04-11T15:11:55.728Z
2016-05-08,3.5356,2026-04-11T15:11:55.728Z
2016-05-09,3.538,2026-04-11T15:11:55.728Z
2016-05-10,3.4766,2026-04-11T15:11:55.728Z
2016-05-11,3.4639,2026-04-11T15:11:55.728Z
2016-05-12,3.4871,2026-04-11T15:11:55.728Z
2016-05-13,3.5035,2026-04-11T15:11:55.728Z
2016-05-14,3.5035,2026-04-11T15:11:55.728Z
2016-05-15,3.5035,2026-04-11T15:11:55.728Z
2016-05-16,3.5029,2026-04-11T15:11:55.728Z
2016-05-17,3.5031,2026-04-11T15:11:55.728Z
2016-05-18,3.5362,2026-04-11T15:11:55.728Z
2016-05-19,3.5997,2026-04-11T15:11:55.728Z
2016-05-20,3.5413,2026-04-11T15:11:55.728Z
2016-05-21,3.5413,2026-04-11T15:11:55.728Z
2016-05-22,3.5413,2026-04-11T15:11:55.728Z
2016-05-23,3.5654,2026-04-11T15:11:55.728Z
2016-05-24,3.5485,2026-04-11T15:11:55.728Z
2016-05-25,3.5798,2026-04-11T15:11:55.728Z
2016-05-26,3.5798,2026-04-11T15:11:55.728Z
2016-05-27,3.6162,2026-04-11T15:11:55.728Z
2016-05-28,3.6162,2026-04-11T15:11:55.728Z
2016-05-29,3.6162,2026-04-11T15:11:55.728Z
2016-05-30,3.5991,2026-04-11T15:11:55.728Z
2016-05-31,3.5945,2026-04-11T15:11:55.728Z
2016-06-01,3.612,2026-04-11T15:11:55.728Z
2016-06-02,3.5955,2026-04-11T15:11:55.728Z
2016-06-03,3.5403,2026-04-11T15:11:55.728Z
2016-06-04,3.5403,2026-04-11T15:11:55.728Z
2016-06-05,3.5403,2026-04-11T15:11:55.728Z
2016-06-06,3.5092,2026-04-11T15:11:55.728Z
2016-06-07,3.4739,2026-04-11T15:11:55.728Z
2016-06-08,3.3892,2026-04-11T15:11:55.728Z
2016-06-09,3.3811,2026-04-11T15:11:55.728Z
2016-06-10,3.4255,2026-04-11T15:11:55.728Z
2016-06-11,3.4255,2026-04-11T15:11:55.728Z
2016-06-12,3.4255,2026-04-11T15:11:55.728Z
2016-06-13,3.4527,2026-04-11T15:11:55.728Z
2016-06-14,3.4833,2026-04-11T15:11:55.728Z
2016-06-15,3.4762,2026-04-11T15:11:55.728Z
2016-06-16,3.4898,2026-04-11T15:11:55.728Z
2016-06-17,3.4366,2026-04-11T15:11:55.728Z
2016-06-18,3.4366,2026-04-11T15:11:55.728Z
2016-06-19,3.4366,2026-04-11T15:11:55.728Z
2016-06-20,3.3829,2026-04-11T15:11:55.728Z
2016-06-21,3.3891,2026-04-11T15:11:55.728Z
2016-06-22,3.3877,2026-04-11T15:11:55.728Z
2016-06-23,3.3527,2026-04-11T15:11:55.728Z
2016-06-24,3.3766,2026-04-11T15:11:55.728Z
2016-06-25,3.3766,2026-04-11T15:11:55.728Z
2016-06-26,3.3766,2026-04-11T15:11:55.728Z
2016-06-27,3.3928,2026-04-11T15:11:55.728Z
2016-06-28,3.3261,2026-04-11T15:11:55.728Z
2016-06-29,3.2429,2026-04-11T15:11:55.728Z
2016-06-30,3.2092,2026-04-11T15:11:55.728Z
2016-07-01,3.2292,2026-04-11T15:11:55.728Z
2016-07-02,3.2292,2026-04-11T15:11:55.728Z
2016-07-03,3.2292,2026-04-11T15:11:55.728Z
2016-07-04,3.2474,2026-04-11T15:11:55.728Z
2016-07-05,3.2898,2026-04-11T15:11:55.728Z
2016-07-06,3.3236,2026-04-11T15:11:55.728Z
2016-07-07,3.3382,2026-04-11T15:11:55.728Z
2016-07-08,3.2962,2026-04-11T15:11:55.728Z
2016-07-09,3.2962,2026-04-11T15:11:55.728Z
2016-07-10,3.2962,2026-04-11T15:11:55.728Z
2016-07-11,3.3025,2026-04-11T15:11:55.728Z
2016-07-12,3.2744,2026-04-11T15:11:55.728Z
2016-07-13,3.289,2026-04-11T15:11:55.728Z
2016-07-14,3.2305,2026-04-11T15:11:55.728Z
2016-07-15,3.265,2026-04-11T15:11:55.728Z
2016-07-16,3.265,2026-04-11T15:11:55.728Z
2016-07-17,3.265,2026-04-11T15:11:55.728Z
2016-07-18,3.2628,2026-04-11T15:11:55.728Z
2016-07-19,3.2795,2026-04-11T15:11:55.728Z
2016-07-20,3.2506,2026-04-11T15:11:55.728Z
2016-07-21,3.2579,2026-04-11T15:11:55.728Z
2016-07-22,3.2848,2026-04-11T15:11:55.728Z
2016-07-23,3.2848,2026-04-11T15:11:55.728Z
2016-07-24,3.2848,2026-04-11T15:11:55.728Z
2016-07-25,3.2813,2026-04-11T15:11:55.728Z
2016-07-26,3.2784,2026-04-11T15:11:55.728Z
2016-07-27,3.2814,2026-04-11T15:11:55.728Z
2016-07-28,3.2734,2026-04-11T15:11:55.728Z
2016-07-29,3.2384,2026-04-11T15:11:55.728Z
2016-07-30,3.2384,2026-04-11T15:11:55.728Z
2016-07-31,3.2384,2026-04-11T15:11:55.728Z
2016-08-01,3.2656,2026-04-11T15:11:55.728Z
2016-08-02,3.2484,2026-04-11T15:11:55.728Z
2016-08-03,3.2727,2026-04-11T15:11:55.728Z
2016-08-04,3.2177,2026-04-11T15:11:55.728Z
2016-08-05,3.1853,2026-04-11T15:11:55.728Z
2016-08-06,3.1853,2026-04-11T15:11:55.728Z
2016-08-07,3.1853,2026-04-11T15:11:55.728Z
2016-08-08,3.1765,2026-04-11T15:11:55.728Z
2016-08-09,3.1497,2026-04-11T15:11:55.728Z
2016-08-10,3.1296,2026-04-11T15:11:55.728Z
2016-08-11,3.1358,2026-04-11T15:11:55.728Z
2016-08-12,3.1596,2026-04-11T15:11:55.728Z
2016-08-13,3.1596,2026-04-11T15:11:55.728Z
2016-08-14,3.1596,2026-04-11T15:11:55.728Z
2016-08-15,3.1666,2026-04-11T15:11:55.728Z
2016-08-16,3.1743,2026-04-11T15:11:55.728Z
2016-08-17,3.2242,2026-04-11T15:11:55.728Z
2016-08-18,3.2209,2026-04-11T15:11:55.728Z
2016-08-19,3.2261,2026-04-11T15:11:55.728Z
2016-08-20,3.2261,2026-04-11T15:11:55.728Z
2016-08-21,3.2261,2026-04-11T15:11:55.728Z
2016-08-22,3.2157,2026-04-11T15:11:55.728Z
2016-08-23,3.2047,2026-04-11T15:11:55.728Z
2016-08-24,3.2366,2026-04-11T15:11:55.728Z
2016-08-25,3.2313,2026-04-11T15:11:55.728Z
2016-08-26,3.2147,2026-04-11T15:11:55.728Z
2016-08-27,3.2147,2026-04-11T15:11:55.728Z
2016-08-28,3.2147,2026-04-11T15:11:55.728Z
2016-08-29,3.2607,2026-04-11T15:11:55.728Z
2016-08-30,3.2519,2026-04-11T15:11:55.728Z
2016-08-31,3.2397,2026-04-11T15:11:55.728Z
2016-09-01,3.2466,2026-04-11T15:11:55.728Z
2016-09-02,3.2425,2026-04-11T15:11:55.728Z
2016-09-03,3.2425,2026-04-11T15:11:55.728Z
2016-09-04,3.2425,2026-04-11T15:11:55.728Z
2016-09-05,3.2715,2026-04-11T15:11:55.728Z
2016-09-06,3.2446,2026-04-11T15:11:55.728Z
2016-09-07,3.2446,2026-04-11T15:11:55.728Z
2016-09-08,3.1928,2026-04-11T15:11:55.728Z
2016-09-09,3.2632,2026-04-11T15:11:55.728Z
2016-09-10,3.2632,2026-04-11T15:11:55.728Z
2016-09-11,3.2632,2026-04-11T15:11:55.728Z
2016-09-12,3.2848,2026-04-11T15:11:55.728Z
2016-09-13,3.2966,2026-04-11T15:11:55.728Z
2016-09-14,3.3256,2026-04-11T15:11:55.728Z
2016-09-15,3.332,2026-04-11T15:11:55.728Z
2016-09-16,3.2998,2026-04-11T15:11:55.728Z
2016-09-17,3.2998,2026-04-11T15:11:55.728Z
2016-09-18,3.2998,2026-04-11T15:11:55.728Z
2016-09-19,3.263,2026-04-11T15:11:55.728Z
2016-09-20,3.2534,2026-04-11T15:11:55.728Z
2016-09-21,3.2402,2026-04-11T15:11:55.728Z
2016-09-22,3.2009,2026-04-11T15:11:55.728Z
2016-09-23,3.2236,2026-04-11T15:11:55.728Z
2016-09-24,3.2236,2026-04-11T15:11:55.728Z
2016-09-25,3.2236,2026-04-11T15:11:55.728Z
2016-09-26,3.2394,2026-04-11T15:11:55.728Z
2016-09-27,3.2352,2026-04-11T15:11:55.728Z
2016-09-28,3.247,2026-04-11T15:11:55.728Z
2016-09-29,3.2229,2026-04-11T15:11:55.728Z
2016-09-30,3.2456,2026-04-11T15:11:55.728Z
2016-10-01,3.2456,2026-04-11T15:11:55.728Z
2016-10-02,3.2456,2026-04-11T15:11:55.728Z
2016-10-03,3.2332,2026-04-11T15:11:55.728Z
2016-10-04,3.2197,2026-04-11T15:11:55.728Z
2016-10-05,3.2353,2026-04-11T15:11:55.728Z
2016-10-06,3.2304,2026-04-11T15:11:55.728Z
2016-10-07,3.2128,2026-04-11T15:11:55.728Z
2016-10-08,3.2128,2026-04-11T15:11:55.728Z
2016-10-09,3.2128,2026-04-11T15:11:55.728Z
2016-10-10,3.2119,2026-04-11T15:11:55.728Z
2016-10-11,3.213,2026-04-11T15:11:55.728Z
2016-10-12,3.213,2026-04-11T15:11:55.728Z
2016-10-13,3.2081,2026-04-11T15:11:55.728Z
2016-10-14,3.1858,2026-04-11T15:11:55.728Z
2016-10-15,3.1858,2026-04-11T15:11:55.728Z
2016-10-16,3.1858,2026-04-11T15:11:55.728Z
2016-10-17,3.1957,2026-04-11T15:11:55.728Z
2016-10-18,3.1868,2026-04-11T15:11:55.728Z
2016-10-19,3.1794,2026-04-11T15:11:55.728Z
2016-10-20,3.1599,2026-04-11T15:11:55.728Z
2016-10-21,3.1587,2026-04-11T15:11:55.728Z
2016-10-22,3.1587,2026-04-11T15:11:55.728Z
2016-10-23,3.1587,2026-04-11T15:11:55.728Z
2016-10-24,3.1305,2026-04-11T15:11:55.728Z
2016-10-25,3.1187,2026-04-11T15:11:55.728Z
2016-10-26,3.1213,2026-04-11T15:11:55.728Z
2016-10-27,3.1423,2026-04-11T15:11:55.728Z
2016-10-28,3.1809,2026-04-11T15:11:55.728Z
2016-10-29,3.1809,2026-04-11T15:11:55.728Z
2016-10-30,3.1809,2026-04-11T15:11:55.728Z
2016-10-31,3.1805,2026-04-11T15:11:55.728Z
2016-11-01,3.2047,2026-04-11T15:11:55.728Z
2016-11-02,3.2047,2026-04-11T15:11:55.728Z
2016-11-03,3.2304,2026-04-11T15:11:55.728Z
2016-11-04,3.2443,2026-04-11T15:11:55.728Z
2016-11-05,3.2443,2026-04-11T15:11:55.728Z
2016-11-06,3.2443,2026-04-11T15:11:55.728Z
2016-11-07,3.2018,2026-04-11T15:11:55.728Z
2016-11-08,3.2018,2026-04-11T15:11:55.728Z
2016-11-09,3.2252,2026-04-11T15:11:55.728Z
2016-11-10,3.3098,2026-04-11T15:11:55.728Z
2016-11-11,3.4371,2026-04-11T15:11:55.728Z
2016-11-12,3.4371,2026-04-11T15:11:55.728Z
2016-11-13,3.4371,2026-04-11T15:11:55.728Z
2016-11-14,3.444,2026-04-11T15:11:55.728Z
2016-11-15,3.444,2026-04-11T15:11:55.728Z
2016-11-16,3.4177,2026-04-11T15:11:55.728Z
2016-11-17,3.4046,2026-04-11T15:11:55.728Z
2016-11-18,3.3911,2026-04-11T15:11:55.728Z
2016-11-19,3.3911,2026-04-11T15:11:55.728Z
2016-11-20,3.3911,2026-04-11T15:11:55.728Z
2016-11-21,3.3511,2026-04-11T15:11:55.728Z
2016-11-22,3.347,2026-04-11T15:11:55.728Z
2016-11-23,3.3921,2026-04-11T15:11:55.728Z
2016-11-24,3.3981,2026-04-11T15:11:55.728Z
2016-11-25,3.4273,2026-04-11T15:11:55.728Z
2016-11-26,3.4273,2026-04-11T15:11:55.728Z
2016-11-27,3.4273,2026-04-11T15:11:55.728Z
2016-11-28,3.399,2026-04-11T15:11:55.728Z
2016-11-29,3.4054,2026-04-11T15:11:55.728Z
2016-11-30,3.3961,2026-04-11T15:11:55.728Z
2016-12-01,3.4356,2026-04-11T15:11:55.728Z
2016-12-02,3.4644,2026-04-11T15:11:55.728Z
2016-12-03,3.4644,2026-04-11T15:11:55.728Z
2016-12-04,3.4644,2026-04-11T15:11:55.728Z
2016-12-05,3.4592,2026-04-11T15:11:55.728Z
2016-12-06,3.4348,2026-04-11T15:11:55.728Z
2016-12-07,3.3889,2026-04-11T15:11:55.728Z
2016-12-08,3.4002,2026-04-11T15:11:55.728Z
2016-12-09,3.3852,2026-04-11T15:11:55.728Z
2016-12-10,3.3852,2026-04-11T15:11:55.728Z
2016-12-11,3.3852,2026-04-11T15:11:55.728Z
2016-12-12,3.3691,2026-04-11T15:11:55.728Z
2016-12-13,3.3334,2026-04-11T15:11:55.728Z
2016-12-14,3.3097,2026-04-11T15:11:55.728Z
2016-12-15,3.3824,2026-04-11T15:11:55.728Z
2016-12-16,3.3706,2026-04-11T15:11:55.728Z
2016-12-17,3.3706,2026-04-11T15:11:55.728Z
2016-12-18,3.3706,2026-04-11T15:11:55.728Z
2016-12-19,3.3772,2026-04-11T15:11:55.728Z
2016-12-20,3.358,2026-04-11T15:11:55.728Z
2016-12-21,3.3291,2026-04-11T15:11:55.728Z
2016-12-22,3.3296,2026-04-11T15:11:55.728Z
2016-12-23,3.269,2026-04-11T15:11:55.728Z
2016-12-24,3.269,2026-04-11T15:11:55.728Z
2016-12-25,3.269,2026-04-11T15:11:55.728Z
2016-12-26,3.2695,2026-04-11T15:11:55.728Z
2016-12-27,3.277,2026-04-11T15:11:55.728Z
2016-12-28,3.2768,2026-04-11T15:11:55.728Z
2016-12-29,3.2585,2026-04-11T15:11:55.728Z
2016-12-30,3.2585,2026-04-11T15:11:55.728Z
2016-12-31,3.2585,2026-04-11T15:11:55.728Z
2017-01-01,3.2585,2026-04-11T15:11:55.728Z
2017-01-02,3.2723,2026-04-11T15:11:55.728Z
2017-01-03,3.2626,2026-04-11T15:11:55.728Z
2017-01-04,3.2327,2026-04-11T15:11:55.728Z
2017-01-05,3.2123,2026-04-11T15:11:55.728Z
2017-01-06,3.2051,2026-04-11T15:11:55.728Z
2017-01-07,3.2051,2026-04-11T15:11:55.728Z
2017-01-08,3.2051,2026-04-11T15:11:55.728Z
2017-01-09,3.2091,2026-04-11T15:11:55.728Z
2017-01-10,3.1912,2026-04-11T15:11:55.728Z
2017-01-11,3.2148,2026-04-11T15:11:55.728Z
2017-01-12,3.1655,2026-04-11T15:11:55.728Z
2017-01-13,3.2028,2026-04-11T15:11:55.728Z
2017-01-14,3.2028,2026-04-11T15:11:55.728Z
2017-01-15,3.2028,2026-04-11T15:11:55.728Z
2017-01-16,3.2228,2026-04-11T15:11:55.728Z
2017-01-17,3.2094,2026-04-11T15:11:55.728Z
2017-01-18,3.2205,2026-04-11T15:11:55.728Z
2017-01-19,3.2107,2026-04-11T15:11:55.728Z
2017-01-20,3.1912,2026-04-11T15:11:55.728Z
2017-01-21,3.1912,2026-04-11T15:11:55.728Z
2017-01-22,3.1912,2026-04-11T15:11:55.728Z
2017-01-23,3.1603,2026-04-11T15:11:55.728Z
2017-01-24,3.1643,2026-04-11T15:11:55.728Z
2017-01-25,3.1679,2026-04-11T15:11:55.728Z
2017-01-26,3.1798,2026-04-11T15:11:55.728Z
2017-01-27,3.159,2026-04-11T15:11:55.728Z
2017-01-28,3.159,2026-04-11T15:11:55.728Z
2017-01-29,3.159,2026-04-11T15:11:55.728Z
2017-01-30,3.131,2026-04-11T15:11:55.728Z
2017-01-31,3.1264,2026-04-11T15:11:55.728Z
2017-02-01,3.1473,2026-04-11T15:11:55.728Z
2017-02-02,3.119,2026-04-11T15:11:55.728Z
2017-02-03,3.1235,2026-04-11T15:11:55.728Z
2017-02-04,3.1235,2026-04-11T15:11:55.728Z
2017-02-05,3.1235,2026-04-11T15:11:55.728Z
2017-02-06,3.1173,2026-04-11T15:11:55.728Z
2017-02-07,3.1298,2026-04-11T15:11:55.728Z
2017-02-08,3.1248,2026-04-11T15:11:55.728Z
2017-02-09,3.1179,2026-04-11T15:11:55.728Z
2017-02-10,3.1149,2026-04-11T15:11:55.728Z
2017-02-11,3.1149,2026-04-11T15:11:55.728Z
2017-02-12,3.1149,2026-04-11T15:11:55.728Z
2017-02-13,3.1169,2026-04-11T15:11:55.728Z
2017-02-14,3.0998,2026-04-11T15:11:55.728Z
2017-02-15,3.0773,2026-04-11T15:11:55.728Z
2017-02-16,3.0504,2026-04-11T15:11:55.728Z
2017-02-17,3.0944,2026-04-11T15:11:55.728Z
2017-02-18,3.0944,2026-04-11T15:11:55.728Z
2017-02-19,3.0944,2026-04-11T15:11:55.728Z
2017-02-20,3.0912,2026-04-11T15:11:55.728Z
2017-02-21,3.0964,2026-04-11T15:11:55.728Z
2017-02-22,3.0818,2026-04-11T15:11:55.728Z
2017-02-23,3.0632,2026-04-11T15:11:55.728Z
2017-02-24,3.0987,2026-04-11T15:11:55.728Z
2017-02-25,3.0987,2026-04-11T15:11:55.728Z
2017-02-26,3.0987,2026-04-11T15:11:55.728Z
2017-02-27,3.0987,2026-04-11T15:11:55.728Z
2017-02-28,3.0987,2026-04-11T15:11:55.728Z
2017-03-01,3.097,2026-04-11T15:11:55.728Z
2017-03-02,3.1132,2026-04-11T15:11:55.728Z
2017-03-03,3.1358,2026-04-11T15:11:55.728Z
2017-03-04,3.1358,2026-04-11T15:11:55.728Z
2017-03-05,3.1358,2026-04-11T15:11:55.728Z
2017-03-06,3.1105,2026-04-11T15:11:55.728Z
2017-03-07,3.1179,2026-04-11T15:11:55.728Z
2017-03-08,3.1471,2026-04-11T15:11:55.728Z
2017-03-09,3.1729,2026-04-11T15:11:55.728Z
2017-03-10,3.1617,2026-04-11T15:11:55.728Z
2017-03-11,3.1617,2026-04-11T15:11:55.728Z
2017-03-12,3.1617,2026-04-11T15:11:55.728Z
2017-03-13,3.1535,2026-04-11T15:11:55.728Z
2017-03-14,3.1633,2026-04-11T15:11:55.728Z
2017-03-15,3.1623,2026-04-11T15:11:55.728Z
2017-03-16,3.1074,2026-04-11T15:11:55.728Z
2017-03-17,3.1069,2026-04-11T15:11:55.728Z
2017-03-18,3.1069,2026-04-11T15:11:55.728Z
2017-03-19,3.1069,2026-04-11T15:11:55.728Z
2017-03-20,3.0892,2026-04-11T15:11:55.728Z
2017-03-21,3.0759,2026-04-11T15:11:55.728Z
2017-03-22,3.0933,2026-04-11T15:11:55.728Z
2017-03-23,3.1242,2026-04-11T15:11:55.728Z
2017-03-24,3.1276,2026-04-11T15:11:55.728Z
2017-03-25,3.1276,2026-04-11T15:11:55.728Z
2017-03-26,3.1276,2026-04-11T15:11:55.728Z
2017-03-27,3.125,2026-04-11T15:11:55.728Z
2017-03-28,3.1297,2026-04-11T15:11:55.728Z
2017-03-29,3.1223,2026-04-11T15:11:55.728Z
2017-03-30,3.1241,2026-04-11T15:11:55.728Z
2017-03-31,3.1678,2026-04-11T15:11:55.728Z
2017-04-01,3.1678,2026-04-11T15:11:55.728Z
2017-04-02,3.1678,2026-04-11T15:11:55.728Z
2017-04-03,3.1161,2026-04-11T15:11:55.728Z
2017-04-04,3.1225,2026-04-11T15:11:55.728Z
2017-04-05,3.0917,2026-04-11T15:11:55.728Z
2017-04-06,3.1154,2026-04-11T15:11:55.728Z
2017-04-07,3.1296,2026-04-11T15:11:55.728Z
2017-04-08,3.1296,2026-04-11T15:11:55.728Z
2017-04-09,3.1296,2026-04-11T15:11:55.728Z
2017-04-10,3.1403,2026-04-11T15:11:55.728Z
2017-04-11,3.1418,2026-04-11T15:11:55.728Z
2017-04-12,3.1457,2026-04-11T15:11:55.728Z
2017-04-13,3.1263,2026-04-11T15:11:55.728Z
2017-04-14,3.1263,2026-04-11T15:11:55.728Z
2017-04-15,3.1263,2026-04-11T15:11:55.728Z
2017-04-16,3.1263,2026-04-11T15:11:55.728Z
2017-04-17,3.103,2026-04-11T15:11:55.728Z
2017-04-18,3.0952,2026-04-11T15:11:55.728Z
2017-04-19,3.1288,2026-04-11T15:11:55.728Z
2017-04-20,3.1447,2026-04-11T15:11:55.728Z
2017-04-21,3.1447,2026-04-11T15:11:55.728Z
2017-04-22,3.1447,2026-04-11T15:11:55.728Z
2017-04-23,3.1447,2026-04-11T15:11:55.728Z
2017-04-24,3.1245,2026-04-11T15:11:55.728Z
2017-04-25,3.1571,2026-04-11T15:11:55.728Z
2017-04-26,3.1841,2026-04-11T15:11:55.728Z
2017-04-27,3.1757,2026-04-11T15:11:55.728Z
2017-04-28,3.1978,2026-04-11T15:11:55.728Z
2017-04-29,3.1978,2026-04-11T15:11:55.728Z
2017-04-30,3.1978,2026-04-11T15:11:55.728Z
2017-05-01,3.1978,2026-04-11T15:11:55.728Z
2017-05-02,3.1718,2026-04-11T15:11:55.728Z
2017-05-03,3.1483,2026-04-11T15:11:55.728Z
2017-05-04,3.1774,2026-04-11T15:11:55.728Z
2017-05-05,3.1758,2026-04-11T15:11:55.728Z
2017-05-06,3.1758,2026-04-11T15:11:55.728Z
2017-05-07,3.1758,2026-04-11T15:11:55.728Z
2017-05-08,3.1932,2026-04-11T15:11:55.728Z
2017-05-09,3.1851,2026-04-11T15:11:55.728Z
2017-05-10,3.16,2026-04-11T15:11:55.728Z
2017-05-11,3.1553,2026-04-11T15:11:55.728Z
2017-05-12,3.1284,2026-04-11T15:11:55.728Z
2017-05-13,3.1284,2026-04-11T15:11:55.728Z
2017-05-14,3.1284,2026-04-11T15:11:55.728Z
2017-05-15,3.1005,2026-04-11T15:11:55.728Z
2017-05-16,3.0918,2026-04-11T15:11:55.728Z
2017-05-17,3.107,2026-04-11T15:11:55.728Z
2017-05-18,3.3756,2026-04-11T15:11:55.728Z
2017-05-19,3.2872,2026-04-11T15:11:55.728Z
2017-05-20,3.2872,2026-04-11T15:11:55.728Z
2017-05-21,3.2872,2026-04-11T15:11:55.728Z
2017-05-22,3.2857,2026-04-11T15:11:55.728Z
2017-05-23,3.2648,2026-04-11T15:11:55.728Z
2017-05-24,3.2623,2026-04-11T15:11:55.728Z
2017-05-25,3.2818,2026-04-11T15:11:55.728Z
2017-05-26,3.2608,2026-04-11T15:11:55.728Z
2017-05-27,3.2608,2026-04-11T15:11:55.728Z
2017-05-28,3.2608,2026-04-11T15:11:55.728Z
2017-05-29,3.2703,2026-04-11T15:11:55.728Z
2017-05-30,3.2653,2026-04-11T15:11:55.728Z
2017-05-31,3.2431,2026-04-11T15:11:55.728Z
2017-06-01,3.2301,2026-04-11T15:11:55.728Z
2017-06-02,3.2395,2026-04-11T15:11:55.728Z
2017-06-03,3.2395,2026-04-11T15:11:55.728Z
2017-06-04,3.2395,2026-04-11T15:11:55.728Z
2017-06-05,3.2814,2026-04-11T15:11:55.728Z
2017-06-06,3.2811,2026-04-11T15:11:55.728Z
2017-06-07,3.2741,2026-04-11T15:11:55.728Z
2017-06-08,3.2832,2026-04-11T15:11:55.728Z
2017-06-09,3.2734,2026-04-11T15:11:55.728Z
2017-06-10,3.2734,2026-04-11T15:11:55.728Z
2017-06-11,3.2734,2026-04-11T15:11:55.728Z
2017-06-12,3.298,2026-04-11T15:11:55.728Z
2017-06-13,3.3202,2026-04-11T15:11:55.728Z
2017-06-14,3.283,2026-04-11T15:11:55.728Z
2017-06-15,3.283,2026-04-11T15:11:55.728Z
2017-06-16,3.2886,2026-04-11T15:11:55.728Z
2017-06-17,3.2886,2026-04-11T15:11:55.728Z
2017-06-18,3.2886,2026-04-11T15:11:55.728Z
2017-06-19,3.2969,2026-04-11T15:11:55.728Z
2017-06-20,3.3139,2026-04-11T15:11:55.728Z
2017-06-21,3.3241,2026-04-11T15:11:55.728Z
2017-06-22,3.3356,2026-04-11T15:11:55.728Z
2017-06-23,3.3336,2026-04-11T15:11:55.728Z
2017-06-24,3.3336,2026-04-11T15:11:55.728Z
2017-06-25,3.3336,2026-04-11T15:11:55.728Z
2017-06-26,3.3122,2026-04-11T15:11:55.728Z
2017-06-27,3.3166,2026-04-11T15:11:55.728Z
2017-06-28,3.3024,2026-04-11T15:11:55.728Z
2017-06-29,3.2946,2026-04-11T15:11:55.728Z
2017-06-30,3.3076,2026-04-11T15:11:55.728Z
2017-07-01,3.3076,2026-04-11T15:11:55.728Z
2017-07-02,3.3076,2026-04-11T15:11:55.728Z
2017-07-03,3.3009,2026-04-11T15:11:55.728Z
2017-07-04,3.3044,2026-04-11T15:11:55.728Z
2017-07-05,3.3187,2026-04-11T15:11:55.728Z
2017-07-06,3.3058,2026-04-11T15:11:55.728Z
2017-07-07,3.2889,2026-04-11T15:11:55.728Z
2017-07-08,3.2889,2026-04-11T15:11:55.728Z
2017-07-09,3.2889,2026-04-11T15:11:55.728Z
2017-07-10,3.2644,2026-04-11T15:11:55.728Z
2017-07-11,3.2516,2026-04-11T15:11:55.728Z
2017-07-12,3.2258,2026-04-11T15:11:55.728Z
2017-07-13,3.2102,2026-04-11T15:11:55.728Z
2017-07-14,3.1893,2026-04-11T15:11:55.728Z
2017-07-15,3.1893,2026-04-11T15:11:55.728Z
2017-07-16,3.1893,2026-04-11T15:11:55.728Z
2017-07-17,3.1815,2026-04-11T15:11:55.728Z
2017-07-18,3.1662,2026-04-11T15:11:55.728Z
2017-07-19,3.1527,2026-04-11T15:11:55.728Z
2017-07-20,3.1396,2026-04-11T15:11:55.728Z
2017-07-21,3.125,2026-04-11T15:11:55.728Z
2017-07-22,3.125,2026-04-11T15:11:55.728Z
2017-07-23,3.125,2026-04-11T15:11:55.728Z
2017-07-24,3.1453,2026-04-11T15:11:55.728Z
2017-07-25,3.155,2026-04-11T15:11:55.728Z
2017-07-26,3.1651,2026-04-11T15:11:55.728Z
2017-07-27,3.1507,2026-04-11T15:11:55.728Z
2017-07-28,3.1451,2026-04-11T15:11:55.728Z
2017-07-29,3.1451,2026-04-11T15:11:55.728Z
2017-07-30,3.1451,2026-04-11T15:11:55.728Z
2017-07-31,3.1301,2026-04-11T15:11:55.728Z
2017-08-01,3.1154,2026-04-11T15:11:55.728Z
2017-08-02,3.1262,2026-04-11T15:11:55.728Z
2017-08-03,3.1188,2026-04-11T15:11:55.728Z
2017-08-04,3.1218,2026-04-11T15:11:55.728Z
2017-08-05,3.1218,2026-04-11T15:11:55.728Z
2017-08-06,3.1218,2026-04-11T15:11:55.728Z
2017-08-07,3.1261,2026-04-11T15:11:55.728Z
2017-08-08,3.1314,2026-04-11T15:11:55.728Z
2017-08-09,3.1458,2026-04-11T15:11:55.728Z
2017-08-10,3.1537,2026-04-11T15:11:55.728Z
2017-08-11,3.1689,2026-04-11T15:11:55.728Z
2017-08-12,3.1689,2026-04-11T15:11:55.728Z
2017-08-13,3.1689,2026-04-11T15:11:55.728Z
2017-08-14,3.1882,2026-04-11T15:11:55.728Z
2017-08-15,3.197,2026-04-11T15:11:55.728Z
2017-08-16,3.1664,2026-04-11T15:11:55.728Z
2017-08-17,3.1597,2026-04-11T15:11:55.728Z
2017-08-18,3.1648,2026-04-11T15:11:55.728Z
2017-08-19,3.1648,2026-04-11T15:11:55.728Z
2017-08-20,3.1648,2026-04-11T15:11:55.728Z
2017-08-21,3.1437,2026-04-11T15:11:55.728Z
2017-08-22,3.1533,2026-04-11T15:11:55.728Z
2017-08-23,3.1563,2026-04-11T15:11:55.728Z
2017-08-24,3.1398,2026-04-11T15:11:55.728Z
2017-08-25,3.1456,2026-04-11T15:11:55.728Z
2017-08-26,3.1456,2026-04-11T15:11:55.728Z
2017-08-27,3.1456,2026-04-11T15:11:55.728Z
2017-08-28,3.1557,2026-04-11T15:11:55.728Z
2017-08-29,3.1689,2026-04-11T15:11:55.728Z
2017-08-30,3.1632,2026-04-11T15:11:55.728Z
2017-08-31,3.1465,2026-04-11T15:11:55.728Z
2017-09-01,3.1327,2026-04-11T15:11:55.728Z
2017-09-02,3.1327,2026-04-11T15:11:55.728Z
2017-09-03,3.1327,2026-04-11T15:11:55.728Z
2017-09-04,3.1383,2026-04-11T15:11:55.728Z
2017-09-05,3.1197,2026-04-11T15:11:55.728Z
2017-09-06,3.1127,2026-04-11T15:11:55.728Z
2017-09-07,3.1127,2026-04-11T15:11:55.728Z
2017-09-08,3.0902,2026-04-11T15:11:55.728Z
2017-09-09,3.0902,2026-04-11T15:11:55.728Z
2017-09-10,3.0902,2026-04-11T15:11:55.728Z
2017-09-11,3.0846,2026-04-11T15:11:55.728Z
2017-09-12,3.1138,2026-04-11T15:11:55.728Z
2017-09-13,3.1337,2026-04-11T15:11:55.728Z
2017-09-14,3.1348,2026-04-11T15:11:55.728Z
2017-09-15,3.1249,2026-04-11T15:11:55.728Z
2017-09-16,3.1249,2026-04-11T15:11:55.728Z
2017-09-17,3.1249,2026-04-11T15:11:55.728Z
2017-09-18,3.1233,2026-04-11T15:11:55.728Z
2017-09-19,3.1317,2026-04-11T15:11:55.728Z
2017-09-20,3.1275,2026-04-11T15:11:55.728Z
2017-09-21,3.1341,2026-04-11T15:11:55.728Z
2017-09-22,3.1279,2026-04-11T15:11:55.728Z
2017-09-23,3.1279,2026-04-11T15:11:55.728Z
2017-09-24,3.1279,2026-04-11T15:11:55.728Z
2017-09-25,3.1406,2026-04-11T15:11:55.728Z
2017-09-26,3.1668,2026-04-11T15:11:55.728Z
2017-09-27,3.1926,2026-04-11T15:11:55.728Z
2017-09-28,3.1865,2026-04-11T15:11:55.728Z
2017-09-29,3.1674,2026-04-11T15:11:55.728Z
2017-09-30,3.1674,2026-04-11T15:11:55.728Z
2017-10-01,3.1674,2026-04-11T15:11:55.728Z
2017-10-02,3.1636,2026-04-11T15:11:55.728Z
2017-10-03,3.1496,2026-04-11T15:11:55.728Z
2017-10-04,3.1309,2026-04-11T15:11:55.728Z
2017-10-05,3.1341,2026-04-11T15:11:55.728Z
2017-10-06,3.1642,2026-04-11T15:11:55.728Z
2017-10-07,3.1642,2026-04-11T15:11:55.728Z
2017-10-08,3.1642,2026-04-11T15:11:55.728Z
2017-10-09,3.1764,2026-04-11T15:11:55.728Z
2017-10-10,3.1682,2026-04-11T15:11:55.728Z
2017-10-11,3.1633,2026-04-11T15:11:55.728Z
2017-10-12,3.1633,2026-04-11T15:11:55.728Z
2017-10-13,3.1567,2026-04-11T15:11:55.728Z
2017-10-14,3.1567,2026-04-11T15:11:55.728Z
2017-10-15,3.1567,2026-04-11T15:11:55.728Z
2017-10-16,3.1601,2026-04-11T15:11:55.728Z
2017-10-17,3.1763,2026-04-11T15:11:55.728Z
2017-10-18,3.1667,2026-04-11T15:11:55.728Z
2017-10-19,3.1727,2026-04-11T15:11:55.728Z
2017-10-20,3.1827,2026-04-11T15:11:55.728Z
2017-10-21,3.1827,2026-04-11T15:11:55.728Z
2017-10-22,3.1827,2026-04-11T15:11:55.728Z
2017-10-23,3.1997,2026-04-11T15:11:55.728Z
2017-10-24,3.2464,2026-04-11T15:11:55.728Z
2017-10-25,3.2381,2026-04-11T15:11:55.728Z
2017-10-26,3.2438,2026-04-11T15:11:55.728Z
2017-10-27,3.2795,2026-04-11T15:11:55.728Z
2017-10-28,3.2795,2026-04-11T15:11:55.728Z
2017-10-29,3.2795,2026-04-11T15:11:55.728Z
2017-10-30,3.2541,2026-04-11T15:11:55.728Z
2017-10-31,3.2763,2026-04-11T15:11:55.728Z
2017-11-01,3.273,2026-04-11T15:11:55.728Z
2017-11-02,3.273,2026-04-11T15:11:55.728Z
2017-11-03,3.2914,2026-04-11T15:11:55.728Z
2017-11-04,3.2914,2026-04-11T15:11:55.728Z
2017-11-05,3.2914,2026-04-11T15:11:55.728Z
2017-11-06,3.2845,2026-04-11T15:11:55.728Z
2017-11-07,3.2727,2026-04-11T15:11:55.728Z
2017-11-08,3.2503,2026-04-11T15:11:55.728Z
2017-11-09,3.2509,2026-04-11T15:11:55.728Z
2017-11-10,3.2655,2026-04-11T15:11:55.728Z
2017-11-11,3.2655,2026-04-11T15:11:55.728Z
2017-11-12,3.2655,2026-04-11T15:11:55.728Z
2017-11-13,3.2867,2026-04-11T15:11:55.728Z
2017-11-14,3.2828,2026-04-11T15:11:55.728Z
2017-11-15,3.2828,2026-04-11T15:11:55.728Z
2017-11-16,3.2802,2026-04-11T15:11:55.728Z
2017-11-17,3.2782,2026-04-11T15:11:55.728Z
2017-11-18,3.2782,2026-04-11T15:11:55.728Z
2017-11-19,3.2782,2026-04-11T15:11:55.728Z
2017-11-20,3.2608,2026-04-11T15:11:55.728Z
2017-11-21,3.2585,2026-04-11T15:11:55.728Z
2017-11-22,3.2555,2026-04-11T15:11:55.728Z
2017-11-23,3.2365,2026-04-11T15:11:55.728Z
2017-11-24,3.2294,2026-04-11T15:11:55.728Z
2017-11-25,3.2294,2026-04-11T15:11:55.728Z
2017-11-26,3.2294,2026-04-11T15:11:55.728Z
2017-11-27,3.2212,2026-04-11T15:11:55.728Z
2017-11-28,3.2226,2026-04-11T15:11:55.728Z
2017-11-29,3.213,2026-04-11T15:11:55.728Z
2017-11-30,3.261,2026-04-11T15:11:55.728Z
2017-12-01,3.263,2026-04-11T15:11:55.728Z
2017-12-02,3.263,2026-04-11T15:11:55.728Z
2017-12-03,3.263,2026-04-11T15:11:55.728Z
2017-12-04,3.25,2026-04-11T15:11:55.728Z
2017-12-05,3.2316,2026-04-11T15:11:55.728Z
2017-12-06,3.2348,2026-04-11T15:11:55.728Z
2017-12-07,3.2886,2026-04-11T15:11:55.728Z
2017-12-08,3.2805,2026-04-11T15:11:55.728Z
2017-12-09,3.2805,2026-04-11T15:11:55.728Z
2017-12-10,3.2805,2026-04-11T15:11:55.728Z
2017-12-11,3.2839,2026-04-11T15:11:55.728Z
2017-12-12,3.3143,2026-04-11T15:11:55.728Z
2017-12-13,3.303,2026-04-11T15:11:55.728Z
2017-12-14,3.3326,2026-04-11T15:11:55.728Z
2017-12-15,3.3176,2026-04-11T15:11:55.728Z
2017-12-16,3.3176,2026-04-11T15:11:55.728Z
2017-12-17,3.3176,2026-04-11T15:11:55.728Z
2017-12-18,3.2875,2026-04-11T15:11:55.728Z
2017-12-19,3.2877,2026-04-11T15:11:55.728Z
2017-12-20,3.2903,2026-04-11T15:11:55.728Z
2017-12-21,3.3039,2026-04-11T15:11:55.728Z
2017-12-22,3.3203,2026-04-11T15:11:55.728Z
2017-12-23,3.3203,2026-04-11T15:11:55.728Z
2017-12-24,3.3203,2026-04-11T15:11:55.728Z
2017-12-25,3.3203,2026-04-11T15:11:55.728Z
2017-12-26,3.3194,2026-04-11T15:11:55.728Z
2017-12-27,3.3024,2026-04-11T15:11:55.728Z
2017-12-28,3.3074,2026-04-11T15:11:55.728Z
2017-12-29,3.3074,2026-04-11T15:11:55.728Z
2017-12-30,3.3074,2026-04-11T15:11:55.728Z
2017-12-31,3.3074,2026-04-11T15:11:55.728Z
2018-01-01,3.3074,2026-04-11T15:11:55.728Z
2018-01-02,3.2691,2026-04-11T15:11:55.728Z
2018-01-03,3.2529,2026-04-11T15:11:55.728Z
2018-01-04,3.2312,2026-04-11T15:11:55.728Z
2018-01-05,3.2403,2026-04-11T15:11:55.728Z
2018-01-06,3.2403,2026-04-11T15:11:55.728Z
2018-01-07,3.2403,2026-04-11T15:11:55.728Z
2018-01-08,3.2351,2026-04-11T15:11:55.728Z
2018-01-09,3.2391,2026-04-11T15:11:55.728Z
2018-01-10,3.2461,2026-04-11T15:11:55.728Z
2018-01-11,3.2295,2026-04-11T15:11:55.728Z
2018-01-12,3.2192,2026-04-11T15:11:55.728Z
2018-01-13,3.2192,2026-04-11T15:11:55.728Z
2018-01-14,3.2192,2026-04-11T15:11:55.728Z
2018-01-15,3.1957,2026-04-11T15:11:55.728Z
2018-01-16,3.2213,2026-04-11T15:11:55.728Z
2018-01-17,3.2318,2026-04-11T15:11:55.728Z
2018-01-18,3.2123,2026-04-11T15:11:55.728Z
2018-01-19,3.2081,2026-04-11T15:11:55.728Z
2018-01-20,3.2081,2026-04-11T15:11:55.728Z
2018-01-21,3.2081,2026-04-11T15:11:55.728Z
2018-01-22,3.1928,2026-04-11T15:11:55.728Z
2018-01-23,3.2243,2026-04-11T15:11:55.728Z
2018-01-24,3.1964,2026-04-11T15:11:55.728Z
2018-01-25,3.138,2026-04-11T15:11:55.728Z
2018-01-26,3.1444,2026-04-11T15:11:55.728Z
2018-01-27,3.1444,2026-04-11T15:11:55.728Z
2018-01-28,3.1444,2026-04-11T15:11:55.728Z
2018-01-29,3.1648,2026-04-11T15:11:55.728Z
2018-01-30,3.1655,2026-04-11T15:11:55.728Z
2018-01-31,3.1618,2026-04-11T15:11:55.728Z
2018-02-01,3.1724,2026-04-11T15:11:55.728Z
2018-02-02,3.2054,2026-04-11T15:11:55.728Z
2018-02-03,3.2054,2026-04-11T15:11:55.728Z
2018-02-04,3.2054,2026-04-11T15:11:55.728Z
2018-02-05,3.2349,2026-04-11T15:11:55.728Z
2018-02-06,3.2607,2026-04-11T15:11:55.728Z
2018-02-07,3.2461,2026-04-11T15:11:55.728Z
2018-02-08,3.2686,2026-04-11T15:11:55.728Z
2018-02-09,3.2815,2026-04-11T15:11:55.728Z
2018-02-10,3.2815,2026-04-11T15:11:55.728Z
2018-02-11,3.2815,2026-04-11T15:11:55.728Z
2018-02-12,3.2815,2026-04-11T15:11:55.728Z
2018-02-13,3.2815,2026-04-11T15:11:55.728Z
2018-02-14,3.2531,2026-04-11T15:11:55.728Z
2018-02-15,3.2202,2026-04-11T15:11:55.728Z
2018-02-16,3.2375,2026-04-11T15:11:55.728Z
2018-02-17,3.2375,2026-04-11T15:11:55.728Z
2018-02-18,3.2375,2026-04-11T15:11:55.728Z
2018-02-19,3.2341,2026-04-11T15:11:55.728Z
2018-02-20,3.2501,2026-04-11T15:11:55.728Z
2018-02-21,3.2549,2026-04-11T15:11:55.728Z
2018-02-22,3.2592,2026-04-11T15:11:55.728Z
2018-02-23,3.2411,2026-04-11T15:11:55.728Z
2018-02-24,3.2411,2026-04-11T15:11:55.728Z
2018-02-25,3.2411,2026-04-11T15:11:55.728Z
2018-02-26,3.2345,2026-04-11T15:11:55.728Z
2018-02-27,3.2377,2026-04-11T15:11:55.728Z
2018-02-28,3.2443,2026-04-11T15:11:55.728Z
2018-03-01,3.2614,2026-04-11T15:11:55.728Z
2018-03-02,3.2608,2026-04-11T15:11:55.728Z
2018-03-03,3.2608,2026-04-11T15:11:55.728Z
2018-03-04,3.2608,2026-04-11T15:11:55.728Z
2018-03-05,3.2576,2026-04-11T15:11:55.728Z
2018-03-06,3.224,2026-04-11T15:11:55.728Z
2018-03-07,3.2312,2026-04-11T15:11:55.728Z
2018-03-08,3.2512,2026-04-11T15:11:55.728Z
2018-03-09,3.249,2026-04-11T15:11:55.728Z
2018-03-10,3.249,2026-04-11T15:11:55.728Z
2018-03-11,3.249,2026-04-11T15:11:55.728Z
2018-03-12,3.26,2026-04-11T15:11:55.728Z
2018-03-13,3.2486,2026-04-11T15:11:55.728Z
2018-03-14,3.2578,2026-04-11T15:11:55.728Z
2018-03-15,3.2853,2026-04-11T15:11:55.728Z
2018-03-16,3.2899,2026-04-11T15:11:55.728Z
2018-03-17,3.2899,2026-04-11T15:11:55.728Z
2018-03-18,3.2899,2026-04-11T15:11:55.728Z
2018-03-19,3.2905,2026-04-11T15:11:55.728Z
2018-03-20,3.2975,2026-04-11T15:11:55.728Z
2018-03-21,3.2915,2026-04-11T15:11:55.728Z
2018-03-22,3.3027,2026-04-11T15:11:55.728Z
2018-03-23,3.3035,2026-04-11T15:11:55.728Z
2018-03-24,3.3035,2026-04-11T15:11:55.728Z
2018-03-25,3.3035,2026-04-11T15:11:55.728Z
2018-03-26,3.3028,2026-04-11T15:11:55.728Z
2018-03-27,3.325,2026-04-11T15:11:55.728Z
2018-03-28,3.3374,2026-04-11T15:11:55.728Z
2018-03-29,3.3232,2026-04-11T15:11:55.728Z
2018-03-30,3.3232,2026-04-11T15:11:55.728Z
2018-03-31,3.3232,2026-04-11T15:11:55.728Z
2018-04-01,3.3232,2026-04-11T15:11:55.728Z
2018-04-02,3.3098,2026-04-11T15:11:55.728Z
2018-04-03,3.3133,2026-04-11T15:11:55.728Z
2018-04-04,3.3532,2026-04-11T15:11:55.728Z
2018-04-05,3.319,2026-04-11T15:11:55.728Z
2018-04-06,3.366,2026-04-11T15:11:55.728Z
2018-04-07,3.366,2026-04-11T15:11:55.728Z
2018-04-08,3.366,2026-04-11T15:11:55.728Z
2018-04-09,3.3897,2026-04-11T15:11:55.728Z
2018-04-10,3.4189,2026-04-11T15:11:55.728Z
2018-04-11,3.4046,2026-04-11T15:11:55.728Z
2018-04-12,3.3852,2026-04-11T15:11:55.728Z
2018-04-13,3.4099,2026-04-11T15:11:55.728Z
2018-04-14,3.4099,2026-04-11T15:11:55.728Z
2018-04-15,3.4099,2026-04-11T15:11:55.728Z
2018-04-16,3.4257,2026-04-11T15:11:55.728Z
2018-04-17,3.4035,2026-04-11T15:11:55.728Z
2018-04-18,3.3838,2026-04-11T15:11:55.728Z
2018-04-19,3.3971,2026-04-11T15:11:55.728Z
2018-04-20,3.4096,2026-04-11T15:11:55.728Z
2018-04-21,3.4096,2026-04-11T15:11:55.728Z
2018-04-22,3.4096,2026-04-11T15:11:55.728Z
2018-04-23,3.4415,2026-04-11T15:11:55.728Z
2018-04-24,3.4661,2026-04-11T15:11:55.728Z
2018-04-25,3.5034,2026-04-11T15:11:55.728Z
2018-04-26,3.4971,2026-04-11T15:11:55.728Z
2018-04-27,3.467,2026-04-11T15:11:55.728Z
2018-04-28,3.467,2026-04-11T15:11:55.728Z
2018-04-29,3.467,2026-04-11T15:11:55.728Z
2018-04-30,3.4805,2026-04-11T15:11:55.728Z
2018-05-01,3.4805,2026-04-11T15:11:55.728Z
2018-05-02,3.5418,2026-04-11T15:11:55.728Z
2018-05-03,3.5478,2026-04-11T15:11:55.728Z
2018-05-04,3.5302,2026-04-11T15:11:55.728Z
2018-05-05,3.5302,2026-04-11T15:11:55.728Z
2018-05-06,3.5302,2026-04-11T15:11:55.728Z
2018-05-07,3.5452,2026-04-11T15:11:55.728Z
2018-05-08,3.5782,2026-04-11T15:11:55.728Z
2018-05-09,3.5937,2026-04-11T15:11:55.728Z
2018-05-10,3.5561,2026-04-11T15:11:55.728Z
2018-05-11,3.571,2026-04-11T15:11:55.728Z
2018-05-12,3.571,2026-04-11T15:11:55.728Z
2018-05-13,3.571,2026-04-11T15:11:55.728Z
2018-05-14,3.6091,2026-04-11T15:11:55.728Z
2018-05-15,3.6747,2026-04-11T15:11:55.728Z
2018-05-16,3.6797,2026-04-11T15:11:55.728Z
2018-05-17,3.6868,2026-04-11T15:11:55.728Z
2018-05-18,3.7497,2026-04-11T15:11:55.728Z
2018-05-19,3.7497,2026-04-11T15:11:55.728Z
2018-05-20,3.7497,2026-04-11T15:11:55.728Z
2018-05-21,3.7066,2026-04-11T15:11:55.728Z
2018-05-22,3.6496,2026-04-11T15:11:55.728Z
2018-05-23,3.6501,2026-04-11T15:11:55.728Z
2018-05-24,3.643,2026-04-11T15:11:55.728Z
2018-05-25,3.6581,2026-04-11T15:11:55.728Z
2018-05-26,3.6581,2026-04-11T15:11:55.728Z
2018-05-27,3.6581,2026-04-11T15:11:55.728Z
2018-05-28,3.7086,2026-04-11T15:11:55.728Z
2018-05-29,3.7283,2026-04-11T15:11:55.728Z
2018-05-30,3.7364,2026-04-11T15:11:55.728Z
2018-05-31,3.7364,2026-04-11T15:11:55.728Z
2018-06-01,3.7407,2026-04-11T15:11:55.728Z
2018-06-02,3.7407,2026-04-11T15:11:55.728Z
2018-06-03,3.7407,2026-04-11T15:11:55.728Z
2018-06-04,3.7418,2026-04-11T15:11:55.728Z
2018-06-05,3.7746,2026-04-11T15:11:55.728Z
2018-06-06,3.8187,2026-04-11T15:11:55.728Z
2018-06-07,3.8994,2026-04-11T15:11:55.728Z
2018-06-08,3.7853,2026-04-11T15:11:55.728Z
2018-06-09,3.7853,2026-04-11T15:11:55.728Z
2018-06-10,3.7853,2026-04-11T15:11:55.728Z
2018-06-11,3.6907,2026-04-11T15:11:55.728Z
2018-06-12,3.7038,2026-04-11T15:11:55.728Z
2018-06-13,3.7048,2026-04-11T15:11:55.728Z
2018-06-14,3.7051,2026-04-11T15:11:55.728Z
2018-06-15,3.7732,2026-04-11T15:11:55.728Z
2018-06-16,3.7732,2026-04-11T15:11:55.728Z
2018-06-17,3.7732,2026-04-11T15:11:55.728Z
2018-06-18,3.7537,2026-04-11T15:11:55.728Z
2018-06-19,3.756,2026-04-11T15:11:55.728Z
2018-06-20,3.7329,2026-04-11T15:11:55.728Z
2018-06-21,3.7888,2026-04-11T15:11:55.728Z
2018-06-22,3.7657,2026-04-11T15:11:55.728Z
2018-06-23,3.7657,2026-04-11T15:11:55.728Z
2018-06-24,3.7657,2026-04-11T15:11:55.728Z
2018-06-25,3.7754,2026-04-11T15:11:55.728Z
2018-06-26,3.7715,2026-04-11T15:11:55.728Z
2018-06-27,3.8352,2026-04-11T15:11:55.728Z
2018-06-28,3.8515,2026-04-11T15:11:55.728Z
2018-06-29,3.8552,2026-04-11T15:11:55.728Z
2018-06-30,3.8552,2026-04-11T15:11:55.728Z
2018-07-01,3.8552,2026-04-11T15:11:55.728Z
2018-07-02,3.9049,2026-04-11T15:11:55.728Z
2018-07-03,3.8914,2026-04-11T15:11:55.728Z
2018-07-04,3.9052,2026-04-11T15:11:55.728Z
2018-07-05,3.9186,2026-04-11T15:11:55.728Z
2018-07-06,3.9258,2026-04-11T15:11:55.728Z
2018-07-07,3.9258,2026-04-11T15:11:55.728Z
2018-07-08,3.9258,2026-04-11T15:11:55.728Z
2018-07-09,3.868,2026-04-11T15:11:55.728Z
2018-07-10,3.8446,2026-04-11T15:11:55.728Z
2018-07-11,3.8411,2026-04-11T15:11:55.728Z
2018-07-12,3.8558,2026-04-11T15:11:55.728Z
2018-07-13,3.8739,2026-04-11T15:11:55.728Z
2018-07-14,3.8739,2026-04-11T15:11:55.728Z
2018-07-15,3.8739,2026-04-11T15:11:55.728Z
2018-07-16,3.8573,2026-04-11T15:11:55.728Z
2018-07-17,3.8665,2026-04-11T15:11:55.728Z
2018-07-18,3.8468,2026-04-11T15:11:55.728Z
2018-07-19,3.8841,2026-04-11T15:11:55.728Z
2018-07-20,3.7787,2026-04-11T15:11:55.728Z
2018-07-21,3.7787,2026-04-11T15:11:55.728Z
2018-07-22,3.7787,2026-04-11T15:11:55.728Z
2018-07-23,3.7909,2026-04-11T15:11:55.728Z
2018-07-24,3.7453,2026-04-11T15:11:55.728Z
2018-07-25,3.7114,2026-04-11T15:11:55.728Z
2018-07-26,3.7237,2026-04-11T15:11:55.728Z
2018-07-27,3.7158,2026-04-11T15:11:55.728Z
2018-07-28,3.7158,2026-04-11T15:11:55.728Z
2018-07-29,3.7158,2026-04-11T15:11:55.728Z
2018-07-30,3.7149,2026-04-11T15:11:55.728Z
2018-07-31,3.7543,2026-04-11T15:11:55.728Z
2018-08-01,3.7485,2026-04-11T15:11:55.728Z
2018-08-02,3.7639,2026-04-11T15:11:55.728Z
2018-08-03,3.7195,2026-04-11T15:11:55.728Z
2018-08-04,3.7195,2026-04-11T15:11:55.728Z
2018-08-05,3.7195,2026-04-11T15:11:55.728Z
2018-08-06,3.7208,2026-04-11T15:11:55.728Z
2018-08-07,3.7112,2026-04-11T15:11:55.728Z
2018-08-08,3.7513,2026-04-11T15:11:55.728Z
2018-08-09,3.8024,2026-04-11T15:11:55.728Z
2018-08-10,3.8466,2026-04-11T15:11:55.728Z
2018-08-11,3.8466,2026-04-11T15:11:55.728Z
2018-08-12,3.8466,2026-04-11T15:11:55.728Z
2018-08-13,3.8982,2026-04-11T15:11:55.728Z
2018-08-14,3.8806,2026-04-11T15:11:55.728Z
2018-08-15,3.9128,2026-04-11T15:11:55.728Z
2018-08-16,3.8804,2026-04-11T15:11:55.728Z
2018-08-17,3.9383,2026-04-11T15:11:55.728Z
2018-08-18,3.9383,2026-04-11T15:11:55.728Z
2018-08-19,3.9383,2026-04-11T15:11:55.728Z
2018-08-20,3.9424,2026-04-11T15:11:55.728Z
2018-08-21,3.9867,2026-04-11T15:11:55.728Z
2018-08-22,4.0734,2026-04-11T15:11:55.728Z
2018-08-23,4.0721,2026-04-11T15:11:55.728Z
2018-08-24,4.0848,2026-04-11T15:11:55.728Z
2018-08-25,4.0848,2026-04-11T15:11:55.728Z
2018-08-26,4.0848,2026-04-11T15:11:55.728Z
2018-08-27,4.0681,2026-04-11T15:11:55.728Z
2018-08-28,4.1186,2026-04-11T15:11:55.728Z
2018-08-29,4.1347,2026-04-11T15:11:55.728Z
2018-08-30,4.1806,2026-04-11T15:11:55.728Z
2018-08-31,4.1347,2026-04-11T15:11:55.728Z
2018-09-01,4.1347,2026-04-11T15:11:55.728Z
2018-09-02,4.1347,2026-04-11T15:11:55.728Z
2018-09-03,4.1273,2026-04-11T15:11:55.728Z
2018-09-04,4.1646,2026-04-11T15:11:55.728Z
2018-09-05,4.1603,2026-04-11T15:11:55.728Z
2018-09-06,4.1454,2026-04-11T15:11:55.728Z
2018-09-07,4.1454,2026-04-11T15:11:55.728Z
2018-09-08,4.1454,2026-04-11T15:11:55.728Z
2018-09-09,4.1454,2026-04-11T15:11:55.728Z
2018-09-10,4.1001,2026-04-11T15:11:55.728Z
2018-09-11,4.1635,2026-04-11T15:11:55.728Z
2018-09-12,4.1253,2026-04-11T15:11:55.728Z
2018-09-13,4.1631,2026-04-11T15:11:55.728Z
2018-09-14,4.1873,2026-04-11T15:11:55.728Z
2018-09-15,4.1873,2026-04-11T15:11:55.728Z
2018-09-16,4.1873,2026-04-11T15:11:55.728Z
2018-09-17,4.1689,2026-04-11T15:11:55.728Z
2018-09-18,4.1363,2026-04-11T15:11:55.728Z
2018-09-19,4.1345,2026-04-11T15:11:55.728Z
2018-09-20,4.0991,2026-04-11T15:11:55.728Z
2018-09-21,4.0722,2026-04-11T15:11:55.728Z
2018-09-22,4.0722,2026-04-11T15:11:55.728Z
2018-09-23,4.0722,2026-04-11T15:11:55.728Z
2018-09-24,4.0588,2026-04-11T15:11:55.728Z
2018-09-25,4.128,2026-04-11T15:11:55.728Z
2018-09-26,4.0564,2026-04-11T15:11:55.728Z
2018-09-27,4.0086,2026-04-11T15:11:55.728Z
2018-09-28,4.0033,2026-04-11T15:11:55.728Z
2018-09-29,4.0033,2026-04-11T15:11:55.728Z
2018-09-30,4.0033,2026-04-11T15:11:55.728Z
2018-10-01,4.0267,2026-04-11T15:11:55.728Z
2018-10-02,3.9499,2026-04-11T15:11:55.728Z
2018-10-03,3.8536,2026-04-11T15:11:55.728Z
2018-10-04,3.9041,2026-04-11T15:11:55.728Z
2018-10-05,3.8693,2026-04-11T15:11:55.728Z
2018-10-06,3.8693,2026-04-11T15:11:55.728Z
2018-10-07,3.8693,2026-04-11T15:11:55.728Z
2018-10-08,3.7582,2026-04-11T15:11:55.728Z
2018-10-09,3.7385,2026-04-11T15:11:55.728Z
2018-10-10,3.7504,2026-04-11T15:11:55.728Z
2018-10-11,3.7454,2026-04-11T15:11:55.728Z
2018-10-12,3.7454,2026-04-11T15:11:55.728Z
2018-10-13,3.7454,2026-04-11T15:11:55.728Z
2018-10-14,3.7454,2026-04-11T15:11:55.728Z
2018-10-15,3.7326,2026-04-11T15:11:55.728Z
2018-10-16,3.7073,2026-04-11T15:11:55.728Z
2018-10-17,3.7002,2026-04-11T15:11:55.728Z
2018-10-18,3.6957,2026-04-11T15:11:55.728Z
2018-10-19,3.7073,2026-04-11T15:11:55.728Z
2018-10-20,3.7073,2026-04-11T15:11:55.728Z
2018-10-21,3.7073,2026-04-11T15:11:55.728Z
2018-10-22,3.6897,2026-04-11T15:11:55.728Z
2018-10-23,3.7074,2026-04-11T15:11:55.728Z
2018-10-24,3.7054,2026-04-11T15:11:55.728Z
2018-10-25,3.7008,2026-04-11T15:11:55.728Z
2018-10-26,3.6746,2026-04-11T15:11:55.728Z
2018-10-27,3.6746,2026-04-11T15:11:55.728Z
2018-10-28,3.6746,2026-04-11T15:11:55.728Z
2018-10-29,3.6362,2026-04-11T15:11:55.728Z
2018-10-30,3.7013,2026-04-11T15:11:55.728Z
2018-10-31,3.7171,2026-04-11T15:11:55.728Z
2018-11-01,3.6968,2026-04-11T15:11:55.728Z
2018-11-02,3.6968,2026-04-11T15:11:55.728Z
2018-11-03,3.6968,2026-04-11T15:11:55.728Z
2018-11-04,3.6968,2026-04-11T15:11:55.728Z
2018-11-05,3.7042,2026-04-11T15:11:55.728Z
2018-11-06,3.7486,2026-04-11T15:11:55.728Z
2018-11-07,3.7586,2026-04-11T15:11:55.728Z
2018-11-08,3.7385,2026-04-11T15:11:55.728Z
2018-11-09,3.75,2026-04-11T15:11:55.728Z
2018-11-10,3.75,2026-04-11T15:11:55.728Z
2018-11-11,3.75,2026-04-11T15:11:55.728Z
2018-11-12,3.7472,2026-04-11T15:11:55.728Z
2018-11-13,3.7786,2026-04-11T15:11:55.728Z
2018-11-14,3.7918,2026-04-11T15:11:55.728Z
2018-11-15,3.7918,2026-04-11T15:11:55.728Z
2018-11-16,3.7519,2026-04-11T15:11:55.728Z
2018-11-17,3.7519,2026-04-11T15:11:55.728Z
2018-11-18,3.7519,2026-04-11T15:11:55.728Z
2018-11-19,3.7547,2026-04-11T15:11:55.728Z
2018-11-20,3.7574,2026-04-11T15:11:55.728Z
2018-11-21,3.7866,2026-04-11T15:11:55.728Z
2018-11-22,3.8097,2026-04-11T15:11:55.728Z
2018-11-23,3.8075,2026-04-11T15:11:55.728Z
2018-11-24,3.8075,2026-04-11T15:11:55.728Z
2018-11-25,3.8075,2026-04-11T15:11:55.728Z
2018-11-26,3.8649,2026-04-11T15:11:55.728Z
2018-11-27,3.8919,2026-04-11T15:11:55.728Z
2018-11-28,3.8625,2026-04-11T15:11:55.728Z
2018-11-29,3.8562,2026-04-11T15:11:55.728Z
2018-11-30,3.8627,2026-04-11T15:11:55.728Z
2018-12-01,3.8627,2026-04-11T15:11:55.728Z
2018-12-02,3.8627,2026-04-11T15:11:55.728Z
2018-12-03,3.8279,2026-04-11T15:11:55.728Z
2018-12-04,3.8307,2026-04-11T15:11:55.728Z
2018-12-05,3.8555,2026-04-11T15:11:55.728Z
2018-12-06,3.9172,2026-04-11T15:11:55.728Z
2018-12-07,3.8958,2026-04-11T15:11:55.728Z
2018-12-08,3.8958,2026-04-11T15:11:55.728Z
2018-12-09,3.8958,2026-04-11T15:11:55.728Z
2018-12-10,3.9104,2026-04-11T15:11:55.728Z
2018-12-11,3.9007,2026-04-11T15:11:55.728Z
2018-12-12,3.8623,2026-04-11T15:11:55.728Z
2018-12-13,3.8784,2026-04-11T15:11:55.728Z
2018-12-14,3.9084,2026-04-11T15:11:55.728Z
2018-12-15,3.9084,2026-04-11T15:11:55.728Z
2018-12-16,3.9084,2026-04-11T15:11:55.728Z
2018-12-17,3.9115,2026-04-11T15:11:55.728Z
2018-12-18,3.8991,2026-04-11T15:11:55.728Z
2018-12-19,3.8901,2026-04-11T15:11:55.728Z
2018-12-20,3.8437,2026-04-11T15:11:55.728Z
2018-12-21,3.8665,2026-04-11T15:11:55.728Z
2018-12-22,3.8665,2026-04-11T15:11:55.728Z
2018-12-23,3.8665,2026-04-11T15:11:55.728Z
2018-12-24,3.8839,2026-04-11T15:11:55.728Z
2018-12-25,3.8839,2026-04-11T15:11:55.728Z
2018-12-26,3.9252,2026-04-11T15:11:55.728Z
2018-12-27,3.9324,2026-04-11T15:11:55.728Z
2018-12-28,3.8742,2026-04-11T15:11:55.728Z
2018-12-29,3.8742,2026-04-11T15:11:55.728Z
2018-12-30,3.8742,2026-04-11T15:11:55.728Z
2018-12-31,3.8742,2026-04-11T15:11:55.728Z
